--
-- PostgreSQL database dump
--

\restrict GqReKHDMMJzTespNDrzcqqH0JGqgHUOoayWpUc0IeCkVjIiiPQY4sYcjK4RIDYV

-- Dumped from database version 18.1
-- Dumped by pg_dump version 18.1

SET statement_timeout = 0;
SET lock_timeout = 0;
SET idle_in_transaction_session_timeout = 0;
SET transaction_timeout = 0;
SET client_encoding = 'UTF8';
SET standard_conforming_strings = on;
SELECT pg_catalog.set_config('search_path', '', false);
SET check_function_bodies = false;
SET xmloption = content;
SET client_min_messages = warning;
SET row_security = off;

SET default_tablespace = '';

SET default_table_access_method = heap;

--
-- Name: auth_group; Type: TABLE; Schema: public; Owner: postgres
--

CREATE TABLE public.auth_group (
    id integer NOT NULL,
    name character varying(150) NOT NULL
);


ALTER TABLE public.auth_group OWNER TO postgres;

--
-- Name: auth_group_id_seq; Type: SEQUENCE; Schema: public; Owner: postgres
--

ALTER TABLE public.auth_group ALTER COLUMN id ADD GENERATED BY DEFAULT AS IDENTITY (
    SEQUENCE NAME public.auth_group_id_seq
    START WITH 1
    INCREMENT BY 1
    NO MINVALUE
    NO MAXVALUE
    CACHE 1
);


--
-- Name: auth_group_permissions; Type: TABLE; Schema: public; Owner: postgres
--

CREATE TABLE public.auth_group_permissions (
    id bigint NOT NULL,
    group_id integer NOT NULL,
    permission_id integer NOT NULL
);


ALTER TABLE public.auth_group_permissions OWNER TO postgres;

--
-- Name: auth_group_permissions_id_seq; Type: SEQUENCE; Schema: public; Owner: postgres
--

ALTER TABLE public.auth_group_permissions ALTER COLUMN id ADD GENERATED BY DEFAULT AS IDENTITY (
    SEQUENCE NAME public.auth_group_permissions_id_seq
    START WITH 1
    INCREMENT BY 1
    NO MINVALUE
    NO MAXVALUE
    CACHE 1
);


--
-- Name: auth_permission; Type: TABLE; Schema: public; Owner: postgres
--

CREATE TABLE public.auth_permission (
    id integer NOT NULL,
    name character varying(255) NOT NULL,
    content_type_id integer NOT NULL,
    codename character varying(100) NOT NULL
);


ALTER TABLE public.auth_permission OWNER TO postgres;

--
-- Name: auth_permission_id_seq; Type: SEQUENCE; Schema: public; Owner: postgres
--

ALTER TABLE public.auth_permission ALTER COLUMN id ADD GENERATED BY DEFAULT AS IDENTITY (
    SEQUENCE NAME public.auth_permission_id_seq
    START WITH 1
    INCREMENT BY 1
    NO MINVALUE
    NO MAXVALUE
    CACHE 1
);


--
-- Name: cart_cartitem; Type: TABLE; Schema: public; Owner: postgres
--

CREATE TABLE public.cart_cartitem (
    id bigint NOT NULL,
    quantity integer NOT NULL,
    product_id bigint NOT NULL,
    user_id bigint,
    CONSTRAINT cart_cartitem_quantity_check CHECK ((quantity >= 0))
);


ALTER TABLE public.cart_cartitem OWNER TO postgres;

--
-- Name: cart_cartitem_id_seq; Type: SEQUENCE; Schema: public; Owner: postgres
--

ALTER TABLE public.cart_cartitem ALTER COLUMN id ADD GENERATED BY DEFAULT AS IDENTITY (
    SEQUENCE NAME public.cart_cartitem_id_seq
    START WITH 1
    INCREMENT BY 1
    NO MINVALUE
    NO MAXVALUE
    CACHE 1
);


--
-- Name: django_admin_log; Type: TABLE; Schema: public; Owner: postgres
--

CREATE TABLE public.django_admin_log (
    id integer NOT NULL,
    action_time timestamp with time zone NOT NULL,
    object_id text,
    object_repr character varying(200) NOT NULL,
    action_flag smallint NOT NULL,
    change_message text NOT NULL,
    content_type_id integer,
    user_id bigint NOT NULL,
    CONSTRAINT django_admin_log_action_flag_check CHECK ((action_flag >= 0))
);


ALTER TABLE public.django_admin_log OWNER TO postgres;

--
-- Name: django_admin_log_id_seq; Type: SEQUENCE; Schema: public; Owner: postgres
--

ALTER TABLE public.django_admin_log ALTER COLUMN id ADD GENERATED BY DEFAULT AS IDENTITY (
    SEQUENCE NAME public.django_admin_log_id_seq
    START WITH 1
    INCREMENT BY 1
    NO MINVALUE
    NO MAXVALUE
    CACHE 1
);


--
-- Name: django_content_type; Type: TABLE; Schema: public; Owner: postgres
--

CREATE TABLE public.django_content_type (
    id integer NOT NULL,
    app_label character varying(100) NOT NULL,
    model character varying(100) NOT NULL
);


ALTER TABLE public.django_content_type OWNER TO postgres;

--
-- Name: django_content_type_id_seq; Type: SEQUENCE; Schema: public; Owner: postgres
--

ALTER TABLE public.django_content_type ALTER COLUMN id ADD GENERATED BY DEFAULT AS IDENTITY (
    SEQUENCE NAME public.django_content_type_id_seq
    START WITH 1
    INCREMENT BY 1
    NO MINVALUE
    NO MAXVALUE
    CACHE 1
);


--
-- Name: django_migrations; Type: TABLE; Schema: public; Owner: postgres
--

CREATE TABLE public.django_migrations (
    id bigint NOT NULL,
    app character varying(255) NOT NULL,
    name character varying(255) NOT NULL,
    applied timestamp with time zone NOT NULL
);


ALTER TABLE public.django_migrations OWNER TO postgres;

--
-- Name: django_migrations_id_seq; Type: SEQUENCE; Schema: public; Owner: postgres
--

ALTER TABLE public.django_migrations ALTER COLUMN id ADD GENERATED BY DEFAULT AS IDENTITY (
    SEQUENCE NAME public.django_migrations_id_seq
    START WITH 1
    INCREMENT BY 1
    NO MINVALUE
    NO MAXVALUE
    CACHE 1
);


--
-- Name: django_session; Type: TABLE; Schema: public; Owner: postgres
--

CREATE TABLE public.django_session (
    session_key character varying(40) NOT NULL,
    session_data text NOT NULL,
    expire_date timestamp with time zone NOT NULL
);


ALTER TABLE public.django_session OWNER TO postgres;

--
-- Name: orders_order; Type: TABLE; Schema: public; Owner: postgres
--

CREATE TABLE public.orders_order (
    id bigint NOT NULL,
    total_price numeric(10,2) NOT NULL,
    status character varying(20) NOT NULL,
    created_at timestamp with time zone NOT NULL,
    updated_at timestamp with time zone NOT NULL,
    delivered_at timestamp with time zone,
    user_id bigint,
    discount_percentage numeric(5,2) NOT NULL,
    shipping_address text NOT NULL,
    shipping_city character varying(100) NOT NULL,
    shipping_name character varying(255) NOT NULL,
    shipping_phone character varying(20) NOT NULL
);


ALTER TABLE public.orders_order OWNER TO postgres;

--
-- Name: orders_order_id_seq; Type: SEQUENCE; Schema: public; Owner: postgres
--

ALTER TABLE public.orders_order ALTER COLUMN id ADD GENERATED BY DEFAULT AS IDENTITY (
    SEQUENCE NAME public.orders_order_id_seq
    START WITH 1
    INCREMENT BY 1
    NO MINVALUE
    NO MAXVALUE
    CACHE 1
);


--
-- Name: orders_orderitem; Type: TABLE; Schema: public; Owner: postgres
--

CREATE TABLE public.orders_orderitem (
    id bigint NOT NULL,
    quantity integer NOT NULL,
    unit_price numeric(10,2) NOT NULL,
    order_id bigint NOT NULL,
    product_id bigint NOT NULL,
    CONSTRAINT orders_orderitem_quantity_check CHECK ((quantity >= 0))
);


ALTER TABLE public.orders_orderitem OWNER TO postgres;

--
-- Name: orders_orderitem_id_seq; Type: SEQUENCE; Schema: public; Owner: postgres
--

ALTER TABLE public.orders_orderitem ALTER COLUMN id ADD GENERATED BY DEFAULT AS IDENTITY (
    SEQUENCE NAME public.orders_orderitem_id_seq
    START WITH 1
    INCREMENT BY 1
    NO MINVALUE
    NO MAXVALUE
    CACHE 1
);


--
-- Name: products_product; Type: TABLE; Schema: public; Owner: postgres
--

CREATE TABLE public.products_product (
    id bigint NOT NULL,
    name character varying(255) NOT NULL,
    price numeric(10,2) NOT NULL,
    stock integer NOT NULL,
    warranty integer NOT NULL,
    description text,
    image character varying(100),
    category character varying(50),
    distributor character varying(255) NOT NULL,
    model character varying(100) NOT NULL,
    serial_number character varying(100),
    CONSTRAINT products_product_stock_check CHECK ((stock >= 0))
);


ALTER TABLE public.products_product OWNER TO postgres;

--
-- Name: products_product_id_seq; Type: SEQUENCE; Schema: public; Owner: postgres
--

ALTER TABLE public.products_product ALTER COLUMN id ADD GENERATED BY DEFAULT AS IDENTITY (
    SEQUENCE NAME public.products_product_id_seq
    START WITH 1
    INCREMENT BY 1
    NO MINVALUE
    NO MAXVALUE
    CACHE 1
);


--
-- Name: reviews_comment; Type: TABLE; Schema: public; Owner: postgres
--

CREATE TABLE public.reviews_comment (
    id bigint CONSTRAINT reviews_comments_id_not_null NOT NULL,
    body text CONSTRAINT reviews_comments_body_not_null NOT NULL,
    status character varying(10) CONSTRAINT reviews_comments_status_not_null NOT NULL,
    created_at timestamp with time zone CONSTRAINT reviews_comments_created_at_not_null NOT NULL,
    customer_id bigint CONSTRAINT reviews_comments_customer_id_not_null NOT NULL,
    product_id bigint CONSTRAINT reviews_comments_product_id_not_null NOT NULL
);


ALTER TABLE public.reviews_comment OWNER TO postgres;

--
-- Name: reviews_comments_id_seq; Type: SEQUENCE; Schema: public; Owner: postgres
--

ALTER TABLE public.reviews_comment ALTER COLUMN id ADD GENERATED BY DEFAULT AS IDENTITY (
    SEQUENCE NAME public.reviews_comments_id_seq
    START WITH 1
    INCREMENT BY 1
    NO MINVALUE
    NO MAXVALUE
    CACHE 1
);


--
-- Name: reviews_rating; Type: TABLE; Schema: public; Owner: postgres
--

CREATE TABLE public.reviews_rating (
    id bigint NOT NULL,
    score integer NOT NULL,
    created_at timestamp with time zone NOT NULL,
    customer_id bigint NOT NULL,
    product_id bigint NOT NULL
);


ALTER TABLE public.reviews_rating OWNER TO postgres;

--
-- Name: reviews_rating_id_seq; Type: SEQUENCE; Schema: public; Owner: postgres
--

ALTER TABLE public.reviews_rating ALTER COLUMN id ADD GENERATED BY DEFAULT AS IDENTITY (
    SEQUENCE NAME public.reviews_rating_id_seq
    START WITH 1
    INCREMENT BY 1
    NO MINVALUE
    NO MAXVALUE
    CACHE 1
);


--
-- Name: users_customer; Type: TABLE; Schema: public; Owner: postgres
--

CREATE TABLE public.users_customer (
    id bigint NOT NULL,
    password character varying(128) NOT NULL,
    last_login timestamp with time zone,
    is_superuser boolean NOT NULL,
    username character varying(150) NOT NULL,
    first_name character varying(150) NOT NULL,
    last_name character varying(150) NOT NULL,
    is_staff boolean NOT NULL,
    is_active boolean NOT NULL,
    date_joined timestamp with time zone NOT NULL,
    email character varying(254) NOT NULL,
    role character varying(20) NOT NULL
);


ALTER TABLE public.users_customer OWNER TO postgres;

--
-- Name: users_customer_groups; Type: TABLE; Schema: public; Owner: postgres
--

CREATE TABLE public.users_customer_groups (
    id bigint NOT NULL,
    customer_id bigint NOT NULL,
    group_id integer NOT NULL
);


ALTER TABLE public.users_customer_groups OWNER TO postgres;

--
-- Name: users_customer_groups_id_seq; Type: SEQUENCE; Schema: public; Owner: postgres
--

ALTER TABLE public.users_customer_groups ALTER COLUMN id ADD GENERATED BY DEFAULT AS IDENTITY (
    SEQUENCE NAME public.users_customer_groups_id_seq
    START WITH 1
    INCREMENT BY 1
    NO MINVALUE
    NO MAXVALUE
    CACHE 1
);


--
-- Name: users_customer_id_seq; Type: SEQUENCE; Schema: public; Owner: postgres
--

ALTER TABLE public.users_customer ALTER COLUMN id ADD GENERATED BY DEFAULT AS IDENTITY (
    SEQUENCE NAME public.users_customer_id_seq
    START WITH 1
    INCREMENT BY 1
    NO MINVALUE
    NO MAXVALUE
    CACHE 1
);


--
-- Name: users_customer_user_permissions; Type: TABLE; Schema: public; Owner: postgres
--

CREATE TABLE public.users_customer_user_permissions (
    id bigint NOT NULL,
    customer_id bigint NOT NULL,
    permission_id integer NOT NULL
);


ALTER TABLE public.users_customer_user_permissions OWNER TO postgres;

--
-- Name: users_customer_user_permissions_id_seq; Type: SEQUENCE; Schema: public; Owner: postgres
--

ALTER TABLE public.users_customer_user_permissions ALTER COLUMN id ADD GENERATED BY DEFAULT AS IDENTITY (
    SEQUENCE NAME public.users_customer_user_permissions_id_seq
    START WITH 1
    INCREMENT BY 1
    NO MINVALUE
    NO MAXVALUE
    CACHE 1
);


--
-- Name: wishlist_wishlist; Type: TABLE; Schema: public; Owner: postgres
--

CREATE TABLE public.wishlist_wishlist (
    id bigint NOT NULL,
    created_at timestamp with time zone NOT NULL,
    product_id bigint NOT NULL,
    user_id bigint NOT NULL
);


ALTER TABLE public.wishlist_wishlist OWNER TO postgres;

--
-- Name: wishlist_wishlist_id_seq; Type: SEQUENCE; Schema: public; Owner: postgres
--

ALTER TABLE public.wishlist_wishlist ALTER COLUMN id ADD GENERATED BY DEFAULT AS IDENTITY (
    SEQUENCE NAME public.wishlist_wishlist_id_seq
    START WITH 1
    INCREMENT BY 1
    NO MINVALUE
    NO MAXVALUE
    CACHE 1
);


--
-- Data for Name: auth_group; Type: TABLE DATA; Schema: public; Owner: postgres
--

COPY public.auth_group (id, name) FROM stdin;
\.


--
-- Data for Name: auth_group_permissions; Type: TABLE DATA; Schema: public; Owner: postgres
--

COPY public.auth_group_permissions (id, group_id, permission_id) FROM stdin;
\.


--
-- Data for Name: auth_permission; Type: TABLE DATA; Schema: public; Owner: postgres
--

COPY public.auth_permission (id, name, content_type_id, codename) FROM stdin;
1	Can add log entry	1	add_logentry
2	Can change log entry	1	change_logentry
3	Can delete log entry	1	delete_logentry
4	Can view log entry	1	view_logentry
5	Can add permission	2	add_permission
6	Can change permission	2	change_permission
7	Can delete permission	2	delete_permission
8	Can view permission	2	view_permission
9	Can add group	3	add_group
10	Can change group	3	change_group
11	Can delete group	3	delete_group
12	Can view group	3	view_group
13	Can add content type	4	add_contenttype
14	Can change content type	4	change_contenttype
15	Can delete content type	4	delete_contenttype
16	Can view content type	4	view_contenttype
17	Can add product	5	add_product
18	Can change product	5	change_product
19	Can delete product	5	delete_product
20	Can view product	5	view_product
21	Can add cart item	6	add_cartitem
22	Can change cart item	6	change_cartitem
23	Can delete cart item	6	delete_cartitem
24	Can view cart item	6	view_cartitem
25	Can add user	7	add_customer
26	Can change user	7	change_customer
27	Can delete user	7	delete_customer
28	Can view user	7	view_customer
29	Can add order	8	add_order
30	Can change order	8	change_order
31	Can delete order	8	delete_order
32	Can view order	8	view_order
33	Can add order item	9	add_orderitem
34	Can change order item	9	change_orderitem
35	Can delete order item	9	delete_orderitem
36	Can view order item	9	view_orderitem
37	Can add session	10	add_session
38	Can change session	10	change_session
39	Can delete session	10	delete_session
40	Can view session	10	view_session
41	Can add rating	11	add_rating
42	Can change rating	11	change_rating
43	Can delete rating	11	delete_rating
44	Can view rating	11	view_rating
45	Can add comment	12	add_comment
46	Can change comment	12	change_comment
47	Can delete comment	12	delete_comment
48	Can view comment	12	view_comment
49	Can add wishlist	13	add_wishlist
50	Can change wishlist	13	change_wishlist
51	Can delete wishlist	13	delete_wishlist
52	Can view wishlist	13	view_wishlist
\.


--
-- Data for Name: cart_cartitem; Type: TABLE DATA; Schema: public; Owner: postgres
--

COPY public.cart_cartitem (id, quantity, product_id, user_id) FROM stdin;
\.


--
-- Data for Name: django_admin_log; Type: TABLE DATA; Schema: public; Owner: postgres
--

COPY public.django_admin_log (id, action_time, object_id, object_repr, action_flag, change_message, content_type_id, user_id) FROM stdin;
1	2025-12-11 20:49:46.941297+03	10	Desk Lamp LED	2	[{"changed": {"fields": ["Image"]}}]	5	1
2	2025-12-11 20:50:04.755477+03	9	Gaming Chair	2	[{"changed": {"fields": ["Image"]}}]	5	1
3	2025-12-11 20:50:20.190165+03	8	External SSD 1TB	2	[{"changed": {"fields": ["Image"]}}]	5	1
4	2025-12-11 20:50:37.509604+03	7	Webcam HD Pro	2	[{"changed": {"fields": ["Image"]}}]	5	1
5	2025-12-11 20:51:14.414152+03	6	Noise Cancelling Headphones	2	[{"changed": {"fields": ["Image"]}}]	5	1
6	2025-12-11 20:51:32.266447+03	5	USB-C Hub	2	[{"changed": {"fields": ["Image"]}}]	5	1
7	2025-12-11 20:51:46.775204+03	4	27" 4K Monitor	2	[{"changed": {"fields": ["Image"]}}]	5	1
8	2025-12-11 20:52:00.928558+03	3	Mechanical Keyboard	2	[{"changed": {"fields": ["Image"]}}]	5	1
9	2025-12-11 20:52:16.783839+03	2	Wireless Mouse	2	[{"changed": {"fields": ["Image"]}}]	5	1
10	2025-12-11 20:52:40.359882+03	1	Laptop Pro 15	2	[{"changed": {"fields": ["Image"]}}]	5	1
11	2025-12-12 02:14:39.835553+03	3	salesmanager@test.com	2	[{"changed": {"fields": ["password"]}}]	7	1
12	2025-12-12 02:14:51.180543+03	3	sales@test.com	2	[{"changed": {"fields": ["Email"]}}]	7	1
13	2025-12-12 02:16:48.981142+03	3	sales@test.com	2	[{"changed": {"fields": ["Staff status", "Superuser status"]}}]	7	1
14	2025-12-12 02:31:05.363058+03	5		1	[{"added": {}}]	7	1
15	2025-12-12 02:31:41.82736+03	5	tester@gmail.com	2	[{"changed": {"fields": ["Username", "Email"]}}]	7	1
16	2025-12-12 02:36:30.833468+03	1	Laptop Pro 15	2	[{"changed": {"fields": ["Category"]}}]	5	1
17	2025-12-12 02:36:47.915597+03	2	Wireless Mouse	2	[{"changed": {"fields": ["Category"]}}]	5	1
18	2025-12-12 02:36:53.188295+03	3	Mechanical Keyboard	2	[{"changed": {"fields": ["Category"]}}]	5	1
19	2025-12-12 02:37:05.34647+03	4	27" 4K Monitor	2	[{"changed": {"fields": ["Category"]}}]	5	1
20	2025-12-12 02:37:13.415477+03	5	USB-C Hub	2	[{"changed": {"fields": ["Category"]}}]	5	1
21	2025-12-12 02:37:18.033768+03	6	Noise Cancelling Headphones	2	[{"changed": {"fields": ["Category"]}}]	5	1
22	2025-12-12 02:37:44.964302+03	7	Webcam HD Pro	2	[{"changed": {"fields": ["Category"]}}]	5	1
23	2025-12-12 02:37:52.703368+03	8	External SSD 1TB	2	[{"changed": {"fields": ["Category"]}}]	5	1
24	2025-12-12 02:38:06.141426+03	9	Gaming Chair	2	[{"changed": {"fields": ["Category"]}}]	5	1
25	2025-12-12 02:38:21.303234+03	10	Desk Lamp LED	2	[{"changed": {"fields": ["Category"]}}]	5	1
26	2025-12-12 02:38:25.84723+03	9	Gaming Chair	2	[{"changed": {"fields": ["Category"]}}]	5	1
27	2025-12-12 02:42:36.021819+03	10	Desk Lamp LED	2	[{"changed": {"fields": ["Stock"]}}]	5	1
28	2025-12-12 02:49:39.935618+03	8	External SSD 1TB (A)	2	[{"changed": {"fields": ["Name", "Stock"]}}]	5	1
29	2025-12-12 02:49:49.523249+03	9	Gaming Chair (B)	2	[{"changed": {"fields": ["Name", "Stock"]}}]	5	1
30	2025-12-12 02:49:54.421389+03	7	Webcam HD Pro	2	[]	5	1
31	2025-12-12 02:50:05.258742+03	7	Webcam HD Pro (C)	2	[{"changed": {"fields": ["Name"]}}]	5	1
32	2025-12-12 02:50:18.481078+03	8	External SSD 1TB	2	[{"changed": {"fields": ["Name"]}}]	5	1
33	2025-12-12 02:50:21.844508+03	8	External SSD 1TB	2	[]	5	1
34	2025-12-12 02:50:25.392436+03	9	Gaming Chair	2	[{"changed": {"fields": ["Name"]}}]	5	1
35	2025-12-12 02:50:28.758278+03	7	Webcam HD Pro	2	[{"changed": {"fields": ["Name"]}}]	5	1
36	2025-12-12 03:00:54.170885+03	9	Gaming Chair	2	[{"changed": {"fields": ["Stock"]}}]	5	1
37	2025-12-12 03:19:45.842951+03	6		1	[{"added": {}}]	7	1
38	2025-12-12 03:19:57.461087+03	6	emir.ceylan@sabanciuniv.edu	2	[{"changed": {"fields": ["First name", "Last name", "Email", "Staff status", "Superuser status"]}}]	7	1
39	2025-12-12 13:29:07.427039+03	25	Order #25 - emir.ceylan@sabanciuniv.edu (processing)	3		8	1
40	2025-12-12 13:29:07.427039+03	24	Order #24 - emir.ceylan@sabanciuniv.edu (processing)	3		8	1
41	2025-12-12 13:29:07.427039+03	23	Order #23 - emir.ceylan@sabanciuniv.edu (processing)	3		8	1
42	2025-12-12 13:29:07.427039+03	22	Order #22 - tester@gmail.com (processing)	3		8	1
43	2025-12-12 13:29:07.427039+03	21	Order #21 - tester@gmail.com (processing)	3		8	1
44	2025-12-12 13:29:07.427039+03	20	Order #20 - sales@test.com (processing)	3		8	1
45	2025-12-12 13:29:07.427039+03	19	Order #19 - sales@test.com (processing)	3		8	1
46	2025-12-12 13:29:07.427039+03	18	Order #18 - sales@test.com (processing)	3		8	1
47	2025-12-12 13:29:07.427039+03	17	Order #17 - None (processing)	3		8	1
48	2025-12-12 13:29:07.427039+03	16	Order #16 - sales@test.com (processing)	3		8	1
49	2025-12-12 13:29:07.427039+03	15	Order #15 - admin@example.com (returned)	3		8	1
50	2025-12-12 13:29:07.427039+03	14	Order #14 - None (processing)	3		8	1
51	2025-12-12 13:29:07.427039+03	13	Order #13 - admin@example.com (processing)	3		8	1
52	2025-12-12 13:29:07.427039+03	12	Order #12 - admin@example.com (processing)	3		8	1
53	2025-12-12 13:29:07.427039+03	11	Order #11 - admin@example.com (processing)	3		8	1
54	2025-12-12 13:29:07.427039+03	10	Order #10 - admin@example.com (processing)	3		8	1
55	2025-12-12 13:29:07.427039+03	9	Order #9 - admin@example.com (processing)	3		8	1
56	2025-12-12 13:29:07.427039+03	8	Order #8 - admin@example.com (processing)	3		8	1
57	2025-12-12 13:29:07.427039+03	7	Order #7 - admin@example.com (processing)	3		8	1
58	2025-12-12 13:29:07.427039+03	6	Order #6 - admin@example.com (processing)	3		8	1
59	2025-12-12 13:29:07.427039+03	5	Order #5 - admin@example.com (return_requested)	3		8	1
60	2025-12-12 13:29:07.427039+03	4	Order #4 - admin@example.com (delivered)	3		8	1
61	2025-12-12 13:29:07.427039+03	3	Order #3 - test@test.com (delivered)	3		8	1
62	2025-12-12 13:29:07.427039+03	2	Order #2 - admin@example.com (delivered)	3		8	1
63	2025-12-12 13:29:07.427039+03	1	Order #1 - admin@example.com (cancalled)	3		8	1
\.


--
-- Data for Name: django_content_type; Type: TABLE DATA; Schema: public; Owner: postgres
--

COPY public.django_content_type (id, app_label, model) FROM stdin;
1	admin	logentry
2	auth	permission
3	auth	group
4	contenttypes	contenttype
5	products	product
6	cart	cartitem
7	users	customer
8	orders	order
9	orders	orderitem
10	sessions	session
11	reviews	rating
12	reviews	comment
13	wishlist	wishlist
\.


--
-- Data for Name: django_migrations; Type: TABLE DATA; Schema: public; Owner: postgres
--

COPY public.django_migrations (id, app, name, applied) FROM stdin;
1	contenttypes	0001_initial	2025-12-11 00:24:53.211494+03
2	contenttypes	0002_remove_content_type_name	2025-12-11 00:24:53.215533+03
3	auth	0001_initial	2025-12-11 00:24:53.231948+03
4	auth	0002_alter_permission_name_max_length	2025-12-11 00:24:53.235562+03
5	auth	0003_alter_user_email_max_length	2025-12-11 00:24:53.237567+03
6	auth	0004_alter_user_username_opts	2025-12-11 00:24:53.239567+03
7	auth	0005_alter_user_last_login_null	2025-12-11 00:24:53.24179+03
8	auth	0006_require_contenttypes_0002	2025-12-11 00:24:53.24179+03
9	auth	0007_alter_validators_add_error_messages	2025-12-11 00:24:53.244298+03
10	auth	0008_alter_user_username_max_length	2025-12-11 00:24:53.246802+03
11	auth	0009_alter_user_last_name_max_length	2025-12-11 00:24:53.248818+03
12	auth	0010_alter_group_name_max_length	2025-12-11 00:24:53.251794+03
13	auth	0011_update_proxy_permissions	2025-12-11 00:24:53.25437+03
14	auth	0012_alter_user_first_name_max_length	2025-12-11 00:24:53.255905+03
15	users	0001_initial	2025-12-11 00:24:53.276214+03
16	admin	0001_initial	2025-12-11 00:24:53.28727+03
17	admin	0002_logentry_remove_auto_add	2025-12-11 00:24:53.290283+03
18	admin	0003_logentry_add_action_flag_choices	2025-12-11 00:24:53.293773+03
19	products	0001_initial	2025-12-11 00:24:53.296812+03
20	cart	0001_initial	2025-12-11 00:24:53.301901+03
21	cart	0002_cartitem_user_alter_cartitem_unique_together	2025-12-11 00:24:53.31064+03
22	orders	0001_initial	2025-12-11 00:24:53.328254+03
23	orders	0002_alter_order_options_order_status	2025-12-11 00:25:01.526442+03
24	orders	0003_order_shipping_address_order_shipping_city_and_more	2025-12-11 00:25:08.702511+03
25	orders	0004_remove_order_shipping_address_and_more	2025-12-11 00:25:08.730296+03
26	reviews	0001_initial	2025-12-11 00:25:08.753502+03
27	reviews	0002_rename_comments_comment	2025-12-11 00:25:08.76601+03
28	sessions	0001_initial	2025-12-11 00:25:08.770076+03
29	users	0002_customer_phone	2025-12-11 00:25:08.776162+03
30	wishlist	0001_initial	2025-12-11 00:25:08.787668+03
31	products	0002_product_image	2025-12-11 20:47:55.428716+03
32	users	0003_remove_customer_home_address_remove_customer_phone_and_more	2025-12-11 20:47:55.445224+03
33	orders	0005_order_discount_percentage	2025-12-11 21:53:21.609292+03
34	orders	0006_order_orders_orde_user_id_0ae59f_idx_and_more	2025-12-11 21:53:36.969337+03
35	products	0002_product_category	2025-12-11 21:53:36.977431+03
36	products	0003_alter_product_category_and_more	2025-12-11 21:53:37.01843+03
37	products	0004_merge_20251211_2153	2025-12-11 21:53:37.019431+03
38	reviews	0003_alter_comment_status_and_more	2025-12-11 21:53:37.074966+03
39	products	0004_merge_20251211_2219	2025-12-11 23:37:53.219102+03
40	users	0004_customer_role	2025-12-12 01:59:05.920826+03
41	orders	0007_order_shipping_address_order_shipping_city_and_more	2025-12-12 01:59:54.965651+03
42	products	0005_product_distributor_product_model_and_more	2025-12-12 02:01:58.339486+03
\.


--
-- Data for Name: django_session; Type: TABLE DATA; Schema: public; Owner: postgres
--

COPY public.django_session (session_key, session_data, expire_date) FROM stdin;
yo100xj51n2zja4mvmlwuijyggznhxla	.eJxVjDsOwjAQBe_iGln-41DS5wzW7nqDA8iW4qRC3B0ipYD2zcx7iQTbWtLWeUlzFhehxel3Q6AH1x3kO9Rbk9Tquswod0UetMuxZX5eD_fvoEAv39pGS4qiUWQwIrBGrZWPbEg5C46QQ3AOzkzWgNcBPU2WnBm0mQZkEu8P3c44Cw:1vTprr:VVwuu6hLWFz9GM-uDDZ7YCasdi1bQvYpRvy1NyK7zEU	2025-12-26 02:14:39.841554+03
\.


--
-- Data for Name: orders_order; Type: TABLE DATA; Schema: public; Owner: postgres
--

COPY public.orders_order (id, total_price, status, created_at, updated_at, delivered_at, user_id, discount_percentage, shipping_address, shipping_city, shipping_name, shipping_phone) FROM stdin;
26	649.87	processing	2025-12-12 13:29:43.757315+03	2025-12-12 13:29:43.760502+03	\N	1	0.00	Orta Mahalle, Üniversite Caddesi No:27 Tuzla, 34956 İstanbul	Tuzla	Emir Ceylan	05448691339
27	649.87	processing	2025-12-12 13:34:30.882756+03	2025-12-12 13:34:30.886778+03	\N	1	0.00	Orta Mahalle, Üniversite Caddesi No:27 Tuzla, 34956 İstanbul	Tuzla	Emir Ceylan	05448691339
30	799.98	processing	2025-12-12 13:37:30.176568+03	2025-12-12 13:37:30.178569+03	\N	1	0.00	Orta Mahalle, Üniversite Caddesi No:27 Tuzla, 34956 İstanbul	Tuzla	Emir Ceylan	05448691339
31	399.99	processing	2025-12-12 13:38:42.743707+03	2025-12-12 13:39:36.458068+03	\N	1	0.00	hjkdsahkd	jdksahdj	asd	391809238
32	399.99	processing	2025-12-12 13:53:48.091564+03	2025-12-12 13:53:48.094586+03	\N	1	0.00	Orta Mahalle, Üniversite Caddesi No:27 Tuzla, 34956 İstanbul	Tuzla	Emir Ceylan	05448691339
33	399.99	processing	2025-12-12 13:58:32.654276+03	2025-12-12 13:58:32.658828+03	\N	1	0.00	Orta Mahalle, Üniversite Caddesi No:27 Tuzla, 34956 İstanbul	Tuzla	Emir Ceylan	05448691339
\.


--
-- Data for Name: orders_orderitem; Type: TABLE DATA; Schema: public; Owner: postgres
--

COPY public.orders_orderitem (id, quantity, unit_price, order_id, product_id) FROM stdin;
29	13	49.99	26	5
30	13	49.99	27	5
34	2	399.99	30	4
35	1	399.99	31	4
36	1	399.99	32	4
37	1	399.99	33	4
\.


--
-- Data for Name: products_product; Type: TABLE DATA; Schema: public; Owner: postgres
--

COPY public.products_product (id, name, price, stock, warranty, description, image, category, distributor, model, serial_number) FROM stdin;
10	Desk Lamp LED	39.99	0	12	Adjustable LED desk lamp with touch controls	products/image_2025-12-11_204945485.png	smart_home			\N
8	External SSD 1TB	129.99	0	60	Portable SSD with USB 3.2 Gen 2 support	products/image_2025-12-11_205019436.png	storage			\N
7	Webcam HD Pro	79.99	0	12	1080p webcam with auto-focus and stereo microphones	products/image_2025-12-11_205036911.png	photo_video			\N
1	Laptop Pro 15	1299.99	0	24	High-performance laptop with 16GB RAM and 512GB SSD	products/image_2025-12-11_205239826.png	laptops			\N
2	Wireless Mouse	29.99	150	12	Ergonomic wireless mouse with precision tracking	products/image_2025-12-11_205216292.png	peripherals			\N
3	Mechanical Keyboard	89.99	75	12	RGB mechanical keyboard with Cherry MX switches	products/image_2025-12-11_205200331.png	peripherals			\N
6	Noise Cancelling Headphones	249.99	60	12	Premium wireless headphones with active noise cancellation	products/image_2025-12-11_205113728.png	audio			\N
9	Gaming Chair	299.99	2	24	Ergonomic gaming chair with lumbar support	products/image_2025-12-11_205002354.png	smart_home			\N
5	USB-C Hub	49.99	171	6	7-in-1 USB-C hub with HDMI and Ethernet	products/image_2025-12-11_205131674.png	accessories			\N
4	27" 4K Monitor	399.99	37	36	Ultra HD 4K monitor with HDR support	products/image_2025-12-11_205146077.png	monitors			\N
\.


--
-- Data for Name: reviews_comment; Type: TABLE DATA; Schema: public; Owner: postgres
--

COPY public.reviews_comment (id, body, status, created_at, customer_id, product_id) FROM stdin;
4	asdads	approved	2025-12-12 00:40:58.76356+03	1	8
2	asda	approved	2025-12-11 04:24:21.901341+03	1	1
3	Comment1	approved	2025-12-11 04:33:13.423316+03	1	2
1	asdasd	approved	2025-12-11 04:17:15.246548+03	1	1
8	..	approved	2025-12-12 02:04:51.158662+03	1	4
7	BAYA IYI	approved	2025-12-12 02:04:42.019068+03	1	8
6	asdasd	approved	2025-12-12 02:04:35.289022+03	1	8
5	fdsfsdfds	approved	2025-12-12 00:53:26.727713+03	1	8
9	LAPTOP	approved	2025-12-12 02:18:21.317525+03	3	1
\.


--
-- Data for Name: reviews_rating; Type: TABLE DATA; Schema: public; Owner: postgres
--

COPY public.reviews_rating (id, score, created_at, customer_id, product_id) FROM stdin;
1	4	2025-12-11 04:17:13.002863+03	1	1
2	5	2025-12-11 04:33:08.120354+03	1	2
3	4	2025-12-12 00:40:57.113043+03	1	8
4	5	2025-12-12 02:04:47.960942+03	1	4
\.


--
-- Data for Name: users_customer; Type: TABLE DATA; Schema: public; Owner: postgres
--

COPY public.users_customer (id, password, last_login, is_superuser, username, first_name, last_name, is_staff, is_active, date_joined, email, role) FROM stdin;
2	pbkdf2_sha256$1000000$bAdncln8JyQR7ViEvdSqKb$MNAZEvk8ajSmFGZutDE8x3Z6lKE5gfnJ/DiglFWXrlM=	\N	f	testuser			f	t	2025-12-11 00:47:07.996955+03	test@test.com	Customer
1	pbkdf2_sha256$1000000$Rx3LDYJ8sFJ1UQwPM6Bekj$/+wK9+QHMSkhhq8eckapsYWpjHxYWwOrwp6C3pJ+uiE=	2025-12-11 20:49:05.364078+03	t	admin	admin	admin	t	t	2025-12-11 00:25:24.805152+03	admin@example.com	Product Manager
4	pbkdf2_sha256$1000000$ufYduglAC8QhsPcrSZxzPz$6hVtNwikWH1PszOrjnuLT7IZd+5ubmHFzn9J0PQ0B50=	\N	f	product_manager	Product	Manager	f	t	2025-12-12 02:12:18.271659+03	productmanager@test.com	Product Manager
3	pbkdf2_sha256$1000000$Z9x9zVTKdrnxCH0IlVAB7v$ANb1vlupFtoa4V2FQ3W244gNp40juz5Fp1JrFWn01Xk=	\N	t	sales_manager	Sales	Manager	t	t	2025-12-12 02:12:17+03	sales@test.com	Sales Manager
5	pbkdf2_sha256$1000000$zDD9cA96R3vn56eghxg1Sq$CxesMTYgpjmlH+SBGdXTDjHFp45RU9x3UR9u7N62Aqk=	\N	f	tester			f	t	2025-12-12 02:31:04+03	tester@gmail.com	Customer
6	pbkdf2_sha256$1000000$9iT0JEdObw1Ee87NPF3nr3$EuxMuof89lERxNapKsHqbaor8+qjGBgV/0+/0vLq1ZY=	\N	t	Emir	Emir	C	t	t	2025-12-12 03:19:45+03	emir.ceylan@sabanciuniv.edu	Customer
\.


--
-- Data for Name: users_customer_groups; Type: TABLE DATA; Schema: public; Owner: postgres
--

COPY public.users_customer_groups (id, customer_id, group_id) FROM stdin;
\.


--
-- Data for Name: users_customer_user_permissions; Type: TABLE DATA; Schema: public; Owner: postgres
--

COPY public.users_customer_user_permissions (id, customer_id, permission_id) FROM stdin;
\.


--
-- Data for Name: wishlist_wishlist; Type: TABLE DATA; Schema: public; Owner: postgres
--

COPY public.wishlist_wishlist (id, created_at, product_id, user_id) FROM stdin;
1	2025-12-12 02:21:45.085242+03	8	3
2	2025-12-12 02:29:33.193266+03	1	3
3	2025-12-12 02:29:33.947742+03	5	3
4	2025-12-12 02:29:34.735256+03	2	3
\.


--
-- Name: auth_group_id_seq; Type: SEQUENCE SET; Schema: public; Owner: postgres
--

SELECT pg_catalog.setval('public.auth_group_id_seq', 1, false);


--
-- Name: auth_group_permissions_id_seq; Type: SEQUENCE SET; Schema: public; Owner: postgres
--

SELECT pg_catalog.setval('public.auth_group_permissions_id_seq', 1, false);


--
-- Name: auth_permission_id_seq; Type: SEQUENCE SET; Schema: public; Owner: postgres
--

SELECT pg_catalog.setval('public.auth_permission_id_seq', 52, true);


--
-- Name: cart_cartitem_id_seq; Type: SEQUENCE SET; Schema: public; Owner: postgres
--

SELECT pg_catalog.setval('public.cart_cartitem_id_seq', 27, true);


--
-- Name: django_admin_log_id_seq; Type: SEQUENCE SET; Schema: public; Owner: postgres
--

SELECT pg_catalog.setval('public.django_admin_log_id_seq', 63, true);


--
-- Name: django_content_type_id_seq; Type: SEQUENCE SET; Schema: public; Owner: postgres
--

SELECT pg_catalog.setval('public.django_content_type_id_seq', 13, true);


--
-- Name: django_migrations_id_seq; Type: SEQUENCE SET; Schema: public; Owner: postgres
--

SELECT pg_catalog.setval('public.django_migrations_id_seq', 42, true);


--
-- Name: orders_order_id_seq; Type: SEQUENCE SET; Schema: public; Owner: postgres
--

SELECT pg_catalog.setval('public.orders_order_id_seq', 33, true);


--
-- Name: orders_orderitem_id_seq; Type: SEQUENCE SET; Schema: public; Owner: postgres
--

SELECT pg_catalog.setval('public.orders_orderitem_id_seq', 37, true);


--
-- Name: products_product_id_seq; Type: SEQUENCE SET; Schema: public; Owner: postgres
--

SELECT pg_catalog.setval('public.products_product_id_seq', 10, true);


--
-- Name: reviews_comments_id_seq; Type: SEQUENCE SET; Schema: public; Owner: postgres
--

SELECT pg_catalog.setval('public.reviews_comments_id_seq', 9, true);


--
-- Name: reviews_rating_id_seq; Type: SEQUENCE SET; Schema: public; Owner: postgres
--

SELECT pg_catalog.setval('public.reviews_rating_id_seq', 4, true);


--
-- Name: users_customer_groups_id_seq; Type: SEQUENCE SET; Schema: public; Owner: postgres
--

SELECT pg_catalog.setval('public.users_customer_groups_id_seq', 1, false);


--
-- Name: users_customer_id_seq; Type: SEQUENCE SET; Schema: public; Owner: postgres
--

SELECT pg_catalog.setval('public.users_customer_id_seq', 6, true);


--
-- Name: users_customer_user_permissions_id_seq; Type: SEQUENCE SET; Schema: public; Owner: postgres
--

SELECT pg_catalog.setval('public.users_customer_user_permissions_id_seq', 1, false);


--
-- Name: wishlist_wishlist_id_seq; Type: SEQUENCE SET; Schema: public; Owner: postgres
--

SELECT pg_catalog.setval('public.wishlist_wishlist_id_seq', 4, true);


--
-- Name: auth_group auth_group_name_key; Type: CONSTRAINT; Schema: public; Owner: postgres
--

ALTER TABLE ONLY public.auth_group
    ADD CONSTRAINT auth_group_name_key UNIQUE (name);


--
-- Name: auth_group_permissions auth_group_permissions_group_id_permission_id_0cd325b0_uniq; Type: CONSTRAINT; Schema: public; Owner: postgres
--

ALTER TABLE ONLY public.auth_group_permissions
    ADD CONSTRAINT auth_group_permissions_group_id_permission_id_0cd325b0_uniq UNIQUE (group_id, permission_id);


--
-- Name: auth_group_permissions auth_group_permissions_pkey; Type: CONSTRAINT; Schema: public; Owner: postgres
--

ALTER TABLE ONLY public.auth_group_permissions
    ADD CONSTRAINT auth_group_permissions_pkey PRIMARY KEY (id);


--
-- Name: auth_group auth_group_pkey; Type: CONSTRAINT; Schema: public; Owner: postgres
--

ALTER TABLE ONLY public.auth_group
    ADD CONSTRAINT auth_group_pkey PRIMARY KEY (id);


--
-- Name: auth_permission auth_permission_content_type_id_codename_01ab375a_uniq; Type: CONSTRAINT; Schema: public; Owner: postgres
--

ALTER TABLE ONLY public.auth_permission
    ADD CONSTRAINT auth_permission_content_type_id_codename_01ab375a_uniq UNIQUE (content_type_id, codename);


--
-- Name: auth_permission auth_permission_pkey; Type: CONSTRAINT; Schema: public; Owner: postgres
--

ALTER TABLE ONLY public.auth_permission
    ADD CONSTRAINT auth_permission_pkey PRIMARY KEY (id);


--
-- Name: cart_cartitem cart_cartitem_pkey; Type: CONSTRAINT; Schema: public; Owner: postgres
--

ALTER TABLE ONLY public.cart_cartitem
    ADD CONSTRAINT cart_cartitem_pkey PRIMARY KEY (id);


--
-- Name: cart_cartitem cart_cartitem_user_id_product_id_e43e4ea0_uniq; Type: CONSTRAINT; Schema: public; Owner: postgres
--

ALTER TABLE ONLY public.cart_cartitem
    ADD CONSTRAINT cart_cartitem_user_id_product_id_e43e4ea0_uniq UNIQUE (user_id, product_id);


--
-- Name: django_admin_log django_admin_log_pkey; Type: CONSTRAINT; Schema: public; Owner: postgres
--

ALTER TABLE ONLY public.django_admin_log
    ADD CONSTRAINT django_admin_log_pkey PRIMARY KEY (id);


--
-- Name: django_content_type django_content_type_app_label_model_76bd3d3b_uniq; Type: CONSTRAINT; Schema: public; Owner: postgres
--

ALTER TABLE ONLY public.django_content_type
    ADD CONSTRAINT django_content_type_app_label_model_76bd3d3b_uniq UNIQUE (app_label, model);


--
-- Name: django_content_type django_content_type_pkey; Type: CONSTRAINT; Schema: public; Owner: postgres
--

ALTER TABLE ONLY public.django_content_type
    ADD CONSTRAINT django_content_type_pkey PRIMARY KEY (id);


--
-- Name: django_migrations django_migrations_pkey; Type: CONSTRAINT; Schema: public; Owner: postgres
--

ALTER TABLE ONLY public.django_migrations
    ADD CONSTRAINT django_migrations_pkey PRIMARY KEY (id);


--
-- Name: django_session django_session_pkey; Type: CONSTRAINT; Schema: public; Owner: postgres
--

ALTER TABLE ONLY public.django_session
    ADD CONSTRAINT django_session_pkey PRIMARY KEY (session_key);


--
-- Name: orders_order orders_order_pkey; Type: CONSTRAINT; Schema: public; Owner: postgres
--

ALTER TABLE ONLY public.orders_order
    ADD CONSTRAINT orders_order_pkey PRIMARY KEY (id);


--
-- Name: orders_orderitem orders_orderitem_pkey; Type: CONSTRAINT; Schema: public; Owner: postgres
--

ALTER TABLE ONLY public.orders_orderitem
    ADD CONSTRAINT orders_orderitem_pkey PRIMARY KEY (id);


--
-- Name: products_product products_product_pkey; Type: CONSTRAINT; Schema: public; Owner: postgres
--

ALTER TABLE ONLY public.products_product
    ADD CONSTRAINT products_product_pkey PRIMARY KEY (id);


--
-- Name: products_product products_product_serial_number_key; Type: CONSTRAINT; Schema: public; Owner: postgres
--

ALTER TABLE ONLY public.products_product
    ADD CONSTRAINT products_product_serial_number_key UNIQUE (serial_number);


--
-- Name: reviews_comment reviews_comments_pkey; Type: CONSTRAINT; Schema: public; Owner: postgres
--

ALTER TABLE ONLY public.reviews_comment
    ADD CONSTRAINT reviews_comments_pkey PRIMARY KEY (id);


--
-- Name: reviews_rating reviews_rating_pkey; Type: CONSTRAINT; Schema: public; Owner: postgres
--

ALTER TABLE ONLY public.reviews_rating
    ADD CONSTRAINT reviews_rating_pkey PRIMARY KEY (id);


--
-- Name: reviews_rating reviews_rating_product_id_customer_id_065d98e3_uniq; Type: CONSTRAINT; Schema: public; Owner: postgres
--

ALTER TABLE ONLY public.reviews_rating
    ADD CONSTRAINT reviews_rating_product_id_customer_id_065d98e3_uniq UNIQUE (product_id, customer_id);


--
-- Name: users_customer users_customer_email_key; Type: CONSTRAINT; Schema: public; Owner: postgres
--

ALTER TABLE ONLY public.users_customer
    ADD CONSTRAINT users_customer_email_key UNIQUE (email);


--
-- Name: users_customer_groups users_customer_groups_customer_id_group_id_4e4d9be5_uniq; Type: CONSTRAINT; Schema: public; Owner: postgres
--

ALTER TABLE ONLY public.users_customer_groups
    ADD CONSTRAINT users_customer_groups_customer_id_group_id_4e4d9be5_uniq UNIQUE (customer_id, group_id);


--
-- Name: users_customer_groups users_customer_groups_pkey; Type: CONSTRAINT; Schema: public; Owner: postgres
--

ALTER TABLE ONLY public.users_customer_groups
    ADD CONSTRAINT users_customer_groups_pkey PRIMARY KEY (id);


--
-- Name: users_customer users_customer_pkey; Type: CONSTRAINT; Schema: public; Owner: postgres
--

ALTER TABLE ONLY public.users_customer
    ADD CONSTRAINT users_customer_pkey PRIMARY KEY (id);


--
-- Name: users_customer_user_permissions users_customer_user_perm_customer_id_permission_i_cb33fe8c_uniq; Type: CONSTRAINT; Schema: public; Owner: postgres
--

ALTER TABLE ONLY public.users_customer_user_permissions
    ADD CONSTRAINT users_customer_user_perm_customer_id_permission_i_cb33fe8c_uniq UNIQUE (customer_id, permission_id);


--
-- Name: users_customer_user_permissions users_customer_user_permissions_pkey; Type: CONSTRAINT; Schema: public; Owner: postgres
--

ALTER TABLE ONLY public.users_customer_user_permissions
    ADD CONSTRAINT users_customer_user_permissions_pkey PRIMARY KEY (id);


--
-- Name: users_customer users_customer_username_key; Type: CONSTRAINT; Schema: public; Owner: postgres
--

ALTER TABLE ONLY public.users_customer
    ADD CONSTRAINT users_customer_username_key UNIQUE (username);


--
-- Name: wishlist_wishlist wishlist_wishlist_pkey; Type: CONSTRAINT; Schema: public; Owner: postgres
--

ALTER TABLE ONLY public.wishlist_wishlist
    ADD CONSTRAINT wishlist_wishlist_pkey PRIMARY KEY (id);


--
-- Name: wishlist_wishlist wishlist_wishlist_user_id_product_id_57695ed7_uniq; Type: CONSTRAINT; Schema: public; Owner: postgres
--

ALTER TABLE ONLY public.wishlist_wishlist
    ADD CONSTRAINT wishlist_wishlist_user_id_product_id_57695ed7_uniq UNIQUE (user_id, product_id);


--
-- Name: auth_group_name_a6ea08ec_like; Type: INDEX; Schema: public; Owner: postgres
--

CREATE INDEX auth_group_name_a6ea08ec_like ON public.auth_group USING btree (name varchar_pattern_ops);


--
-- Name: auth_group_permissions_group_id_b120cbf9; Type: INDEX; Schema: public; Owner: postgres
--

CREATE INDEX auth_group_permissions_group_id_b120cbf9 ON public.auth_group_permissions USING btree (group_id);


--
-- Name: auth_group_permissions_permission_id_84c5c92e; Type: INDEX; Schema: public; Owner: postgres
--

CREATE INDEX auth_group_permissions_permission_id_84c5c92e ON public.auth_group_permissions USING btree (permission_id);


--
-- Name: auth_permission_content_type_id_2f476e4b; Type: INDEX; Schema: public; Owner: postgres
--

CREATE INDEX auth_permission_content_type_id_2f476e4b ON public.auth_permission USING btree (content_type_id);


--
-- Name: cart_cartitem_product_id_b24e265a; Type: INDEX; Schema: public; Owner: postgres
--

CREATE INDEX cart_cartitem_product_id_b24e265a ON public.cart_cartitem USING btree (product_id);


--
-- Name: cart_cartitem_user_id_292943b8; Type: INDEX; Schema: public; Owner: postgres
--

CREATE INDEX cart_cartitem_user_id_292943b8 ON public.cart_cartitem USING btree (user_id);


--
-- Name: django_admin_log_content_type_id_c4bce8eb; Type: INDEX; Schema: public; Owner: postgres
--

CREATE INDEX django_admin_log_content_type_id_c4bce8eb ON public.django_admin_log USING btree (content_type_id);


--
-- Name: django_admin_log_user_id_c564eba6; Type: INDEX; Schema: public; Owner: postgres
--

CREATE INDEX django_admin_log_user_id_c564eba6 ON public.django_admin_log USING btree (user_id);


--
-- Name: django_session_expire_date_a5c62663; Type: INDEX; Schema: public; Owner: postgres
--

CREATE INDEX django_session_expire_date_a5c62663 ON public.django_session USING btree (expire_date);


--
-- Name: django_session_session_key_c0390e0f_like; Type: INDEX; Schema: public; Owner: postgres
--

CREATE INDEX django_session_session_key_c0390e0f_like ON public.django_session USING btree (session_key varchar_pattern_ops);


--
-- Name: orders_orde_created_f0ce29_idx; Type: INDEX; Schema: public; Owner: postgres
--

CREATE INDEX orders_orde_created_f0ce29_idx ON public.orders_order USING btree (created_at DESC);


--
-- Name: orders_orde_status_c6dd84_idx; Type: INDEX; Schema: public; Owner: postgres
--

CREATE INDEX orders_orde_status_c6dd84_idx ON public.orders_order USING btree (status);


--
-- Name: orders_orde_user_id_0ae59f_idx; Type: INDEX; Schema: public; Owner: postgres
--

CREATE INDEX orders_orde_user_id_0ae59f_idx ON public.orders_order USING btree (user_id, created_at DESC);


--
-- Name: orders_order_user_id_e9b59eb1; Type: INDEX; Schema: public; Owner: postgres
--

CREATE INDEX orders_order_user_id_e9b59eb1 ON public.orders_order USING btree (user_id);


--
-- Name: orders_orderitem_order_id_fe61a34d; Type: INDEX; Schema: public; Owner: postgres
--

CREATE INDEX orders_orderitem_order_id_fe61a34d ON public.orders_orderitem USING btree (order_id);


--
-- Name: orders_orderitem_product_id_afe4254a; Type: INDEX; Schema: public; Owner: postgres
--

CREATE INDEX orders_orderitem_product_id_afe4254a ON public.orders_orderitem USING btree (product_id);


--
-- Name: products_pr_categor_14b9c0_idx; Type: INDEX; Schema: public; Owner: postgres
--

CREATE INDEX products_pr_categor_14b9c0_idx ON public.products_product USING btree (category);


--
-- Name: products_pr_name_9ff0a3_idx; Type: INDEX; Schema: public; Owner: postgres
--

CREATE INDEX products_pr_name_9ff0a3_idx ON public.products_product USING btree (name);


--
-- Name: products_pr_price_9b1a5f_idx; Type: INDEX; Schema: public; Owner: postgres
--

CREATE INDEX products_pr_price_9b1a5f_idx ON public.products_product USING btree (price);


--
-- Name: products_pr_stock_4d23d5_idx; Type: INDEX; Schema: public; Owner: postgres
--

CREATE INDEX products_pr_stock_4d23d5_idx ON public.products_product USING btree (stock);


--
-- Name: products_product_category_922a919f; Type: INDEX; Schema: public; Owner: postgres
--

CREATE INDEX products_product_category_922a919f ON public.products_product USING btree (category);


--
-- Name: products_product_category_922a919f_like; Type: INDEX; Schema: public; Owner: postgres
--

CREATE INDEX products_product_category_922a919f_like ON public.products_product USING btree (category varchar_pattern_ops);


--
-- Name: products_product_serial_number_8227deb9_like; Type: INDEX; Schema: public; Owner: postgres
--

CREATE INDEX products_product_serial_number_8227deb9_like ON public.products_product USING btree (serial_number varchar_pattern_ops);


--
-- Name: reviews_com_product_12bf5c_idx; Type: INDEX; Schema: public; Owner: postgres
--

CREATE INDEX reviews_com_product_12bf5c_idx ON public.reviews_comment USING btree (product_id, status);


--
-- Name: reviews_com_status_f55ca0_idx; Type: INDEX; Schema: public; Owner: postgres
--

CREATE INDEX reviews_com_status_f55ca0_idx ON public.reviews_comment USING btree (status, created_at DESC);


--
-- Name: reviews_comment_status_5d492263; Type: INDEX; Schema: public; Owner: postgres
--

CREATE INDEX reviews_comment_status_5d492263 ON public.reviews_comment USING btree (status);


--
-- Name: reviews_comment_status_5d492263_like; Type: INDEX; Schema: public; Owner: postgres
--

CREATE INDEX reviews_comment_status_5d492263_like ON public.reviews_comment USING btree (status varchar_pattern_ops);


--
-- Name: reviews_comments_customer_id_968adfbe; Type: INDEX; Schema: public; Owner: postgres
--

CREATE INDEX reviews_comments_customer_id_968adfbe ON public.reviews_comment USING btree (customer_id);


--
-- Name: reviews_comments_product_id_8cb8a0a6; Type: INDEX; Schema: public; Owner: postgres
--

CREATE INDEX reviews_comments_product_id_8cb8a0a6 ON public.reviews_comment USING btree (product_id);


--
-- Name: reviews_rat_product_62fa76_idx; Type: INDEX; Schema: public; Owner: postgres
--

CREATE INDEX reviews_rat_product_62fa76_idx ON public.reviews_rating USING btree (product_id);


--
-- Name: reviews_rating_customer_id_2e64ecdb; Type: INDEX; Schema: public; Owner: postgres
--

CREATE INDEX reviews_rating_customer_id_2e64ecdb ON public.reviews_rating USING btree (customer_id);


--
-- Name: reviews_rating_product_id_57a14612; Type: INDEX; Schema: public; Owner: postgres
--

CREATE INDEX reviews_rating_product_id_57a14612 ON public.reviews_rating USING btree (product_id);


--
-- Name: users_customer_email_8cfc3b84_like; Type: INDEX; Schema: public; Owner: postgres
--

CREATE INDEX users_customer_email_8cfc3b84_like ON public.users_customer USING btree (email varchar_pattern_ops);


--
-- Name: users_customer_groups_customer_id_cbf82d4d; Type: INDEX; Schema: public; Owner: postgres
--

CREATE INDEX users_customer_groups_customer_id_cbf82d4d ON public.users_customer_groups USING btree (customer_id);


--
-- Name: users_customer_groups_group_id_0d28549d; Type: INDEX; Schema: public; Owner: postgres
--

CREATE INDEX users_customer_groups_group_id_0d28549d ON public.users_customer_groups USING btree (group_id);


--
-- Name: users_customer_user_permissions_customer_id_bbf20c75; Type: INDEX; Schema: public; Owner: postgres
--

CREATE INDEX users_customer_user_permissions_customer_id_bbf20c75 ON public.users_customer_user_permissions USING btree (customer_id);


--
-- Name: users_customer_user_permissions_permission_id_60e2d2a6; Type: INDEX; Schema: public; Owner: postgres
--

CREATE INDEX users_customer_user_permissions_permission_id_60e2d2a6 ON public.users_customer_user_permissions USING btree (permission_id);


--
-- Name: users_customer_username_da0e305f_like; Type: INDEX; Schema: public; Owner: postgres
--

CREATE INDEX users_customer_username_da0e305f_like ON public.users_customer USING btree (username varchar_pattern_ops);


--
-- Name: wishlist_wishlist_product_id_2d08b75d; Type: INDEX; Schema: public; Owner: postgres
--

CREATE INDEX wishlist_wishlist_product_id_2d08b75d ON public.wishlist_wishlist USING btree (product_id);


--
-- Name: wishlist_wishlist_user_id_13f28b16; Type: INDEX; Schema: public; Owner: postgres
--

CREATE INDEX wishlist_wishlist_user_id_13f28b16 ON public.wishlist_wishlist USING btree (user_id);


--
-- Name: auth_group_permissions auth_group_permissio_permission_id_84c5c92e_fk_auth_perm; Type: FK CONSTRAINT; Schema: public; Owner: postgres
--

ALTER TABLE ONLY public.auth_group_permissions
    ADD CONSTRAINT auth_group_permissio_permission_id_84c5c92e_fk_auth_perm FOREIGN KEY (permission_id) REFERENCES public.auth_permission(id) DEFERRABLE INITIALLY DEFERRED;


--
-- Name: auth_group_permissions auth_group_permissions_group_id_b120cbf9_fk_auth_group_id; Type: FK CONSTRAINT; Schema: public; Owner: postgres
--

ALTER TABLE ONLY public.auth_group_permissions
    ADD CONSTRAINT auth_group_permissions_group_id_b120cbf9_fk_auth_group_id FOREIGN KEY (group_id) REFERENCES public.auth_group(id) DEFERRABLE INITIALLY DEFERRED;


--
-- Name: auth_permission auth_permission_content_type_id_2f476e4b_fk_django_co; Type: FK CONSTRAINT; Schema: public; Owner: postgres
--

ALTER TABLE ONLY public.auth_permission
    ADD CONSTRAINT auth_permission_content_type_id_2f476e4b_fk_django_co FOREIGN KEY (content_type_id) REFERENCES public.django_content_type(id) DEFERRABLE INITIALLY DEFERRED;


--
-- Name: cart_cartitem cart_cartitem_product_id_b24e265a_fk_products_product_id; Type: FK CONSTRAINT; Schema: public; Owner: postgres
--

ALTER TABLE ONLY public.cart_cartitem
    ADD CONSTRAINT cart_cartitem_product_id_b24e265a_fk_products_product_id FOREIGN KEY (product_id) REFERENCES public.products_product(id) DEFERRABLE INITIALLY DEFERRED;


--
-- Name: cart_cartitem cart_cartitem_user_id_292943b8_fk_users_customer_id; Type: FK CONSTRAINT; Schema: public; Owner: postgres
--

ALTER TABLE ONLY public.cart_cartitem
    ADD CONSTRAINT cart_cartitem_user_id_292943b8_fk_users_customer_id FOREIGN KEY (user_id) REFERENCES public.users_customer(id) DEFERRABLE INITIALLY DEFERRED;


--
-- Name: django_admin_log django_admin_log_content_type_id_c4bce8eb_fk_django_co; Type: FK CONSTRAINT; Schema: public; Owner: postgres
--

ALTER TABLE ONLY public.django_admin_log
    ADD CONSTRAINT django_admin_log_content_type_id_c4bce8eb_fk_django_co FOREIGN KEY (content_type_id) REFERENCES public.django_content_type(id) DEFERRABLE INITIALLY DEFERRED;


--
-- Name: django_admin_log django_admin_log_user_id_c564eba6_fk_users_customer_id; Type: FK CONSTRAINT; Schema: public; Owner: postgres
--

ALTER TABLE ONLY public.django_admin_log
    ADD CONSTRAINT django_admin_log_user_id_c564eba6_fk_users_customer_id FOREIGN KEY (user_id) REFERENCES public.users_customer(id) DEFERRABLE INITIALLY DEFERRED;


--
-- Name: orders_order orders_order_user_id_e9b59eb1_fk_users_customer_id; Type: FK CONSTRAINT; Schema: public; Owner: postgres
--

ALTER TABLE ONLY public.orders_order
    ADD CONSTRAINT orders_order_user_id_e9b59eb1_fk_users_customer_id FOREIGN KEY (user_id) REFERENCES public.users_customer(id) DEFERRABLE INITIALLY DEFERRED;


--
-- Name: orders_orderitem orders_orderitem_order_id_fe61a34d_fk_orders_order_id; Type: FK CONSTRAINT; Schema: public; Owner: postgres
--

ALTER TABLE ONLY public.orders_orderitem
    ADD CONSTRAINT orders_orderitem_order_id_fe61a34d_fk_orders_order_id FOREIGN KEY (order_id) REFERENCES public.orders_order(id) DEFERRABLE INITIALLY DEFERRED;


--
-- Name: orders_orderitem orders_orderitem_product_id_afe4254a_fk_products_product_id; Type: FK CONSTRAINT; Schema: public; Owner: postgres
--

ALTER TABLE ONLY public.orders_orderitem
    ADD CONSTRAINT orders_orderitem_product_id_afe4254a_fk_products_product_id FOREIGN KEY (product_id) REFERENCES public.products_product(id) DEFERRABLE INITIALLY DEFERRED;


--
-- Name: reviews_comment reviews_comments_customer_id_968adfbe_fk_users_customer_id; Type: FK CONSTRAINT; Schema: public; Owner: postgres
--

ALTER TABLE ONLY public.reviews_comment
    ADD CONSTRAINT reviews_comments_customer_id_968adfbe_fk_users_customer_id FOREIGN KEY (customer_id) REFERENCES public.users_customer(id) DEFERRABLE INITIALLY DEFERRED;


--
-- Name: reviews_comment reviews_comments_product_id_8cb8a0a6_fk_products_product_id; Type: FK CONSTRAINT; Schema: public; Owner: postgres
--

ALTER TABLE ONLY public.reviews_comment
    ADD CONSTRAINT reviews_comments_product_id_8cb8a0a6_fk_products_product_id FOREIGN KEY (product_id) REFERENCES public.products_product(id) DEFERRABLE INITIALLY DEFERRED;


--
-- Name: reviews_rating reviews_rating_customer_id_2e64ecdb_fk_users_customer_id; Type: FK CONSTRAINT; Schema: public; Owner: postgres
--

ALTER TABLE ONLY public.reviews_rating
    ADD CONSTRAINT reviews_rating_customer_id_2e64ecdb_fk_users_customer_id FOREIGN KEY (customer_id) REFERENCES public.users_customer(id) DEFERRABLE INITIALLY DEFERRED;


--
-- Name: reviews_rating reviews_rating_product_id_57a14612_fk_products_product_id; Type: FK CONSTRAINT; Schema: public; Owner: postgres
--

ALTER TABLE ONLY public.reviews_rating
    ADD CONSTRAINT reviews_rating_product_id_57a14612_fk_products_product_id FOREIGN KEY (product_id) REFERENCES public.products_product(id) DEFERRABLE INITIALLY DEFERRED;


--
-- Name: users_customer_groups users_customer_groups_customer_id_cbf82d4d_fk_users_customer_id; Type: FK CONSTRAINT; Schema: public; Owner: postgres
--

ALTER TABLE ONLY public.users_customer_groups
    ADD CONSTRAINT users_customer_groups_customer_id_cbf82d4d_fk_users_customer_id FOREIGN KEY (customer_id) REFERENCES public.users_customer(id) DEFERRABLE INITIALLY DEFERRED;


--
-- Name: users_customer_groups users_customer_groups_group_id_0d28549d_fk_auth_group_id; Type: FK CONSTRAINT; Schema: public; Owner: postgres
--

ALTER TABLE ONLY public.users_customer_groups
    ADD CONSTRAINT users_customer_groups_group_id_0d28549d_fk_auth_group_id FOREIGN KEY (group_id) REFERENCES public.auth_group(id) DEFERRABLE INITIALLY DEFERRED;


--
-- Name: users_customer_user_permissions users_customer_user__customer_id_bbf20c75_fk_users_cus; Type: FK CONSTRAINT; Schema: public; Owner: postgres
--

ALTER TABLE ONLY public.users_customer_user_permissions
    ADD CONSTRAINT users_customer_user__customer_id_bbf20c75_fk_users_cus FOREIGN KEY (customer_id) REFERENCES public.users_customer(id) DEFERRABLE INITIALLY DEFERRED;


--
-- Name: users_customer_user_permissions users_customer_user__permission_id_60e2d2a6_fk_auth_perm; Type: FK CONSTRAINT; Schema: public; Owner: postgres
--

ALTER TABLE ONLY public.users_customer_user_permissions
    ADD CONSTRAINT users_customer_user__permission_id_60e2d2a6_fk_auth_perm FOREIGN KEY (permission_id) REFERENCES public.auth_permission(id) DEFERRABLE INITIALLY DEFERRED;


--
-- Name: wishlist_wishlist wishlist_wishlist_product_id_2d08b75d_fk_products_product_id; Type: FK CONSTRAINT; Schema: public; Owner: postgres
--

ALTER TABLE ONLY public.wishlist_wishlist
    ADD CONSTRAINT wishlist_wishlist_product_id_2d08b75d_fk_products_product_id FOREIGN KEY (product_id) REFERENCES public.products_product(id) DEFERRABLE INITIALLY DEFERRED;


--
-- Name: wishlist_wishlist wishlist_wishlist_user_id_13f28b16_fk_users_customer_id; Type: FK CONSTRAINT; Schema: public; Owner: postgres
--

ALTER TABLE ONLY public.wishlist_wishlist
    ADD CONSTRAINT wishlist_wishlist_user_id_13f28b16_fk_users_customer_id FOREIGN KEY (user_id) REFERENCES public.users_customer(id) DEFERRABLE INITIALLY DEFERRED;


--
-- PostgreSQL database dump complete
--

\unrestrict GqReKHDMMJzTespNDrzcqqH0JGqgHUOoayWpUc0IeCkVjIiiPQY4sYcjK4RIDYV

